student_id,age,gender,academic_level,country,avg_daily_usage_hours,most_used_platform,affects_academic_performance,sleep_hours_per_night,mental_health_score,relationship_status,conflicts_over_social_media,addicted_score,mental_health_risk
1,19,Female,Undergraduate,Bangladesh,5.2,Instagram,Yes,6.5,6,In Relationship,3,8,Moderate
2,22,Male,Graduate,India,2.1,Twitter,No,7.5,8,Single,0,3,Low
3,20,Female,Undergraduate,USA,6.0,TikTok,Yes,5.0,5,Complicated,4,9,Moderate
4,18,Male,High School,UK,3.0,YouTube,No,7.0,7,Single,1,4,Moderate
5,21,Male,Graduate,Canada,4.5,Facebook,Yes,6.0,6,In Relationship,2,7,Moderate
6,19,Female,Undergraduate,Australia,7.2,Instagram,Yes,4.5,4,Complicated,5,9,High
7,23,Male,Graduate,Germany,1.5,LinkedIn,No,8.0,9,Single,0,2,Low
8,20,Female,Undergraduate,Brazil,5.8,Snapchat,Yes,6.0,6,In Relationship,2,8,Moderate
9,18,Male,High School,Japan,4.0,TikTok,No,6.5,7,Single,1,5,Moderate
10,21,Female,Graduate,South Korea,3.3,Instagram,No,7.0,7,In Relationship,1,4,Moderate
11,19,Male,Undergraduate,France,4.8,Snapchat,Yes,6.2,5,Complicated,3,7,Moderate
12,20,Female,Undergraduate,Spain,5.5,TikTok,Yes,5.8,6,In Relationship,2,8,Moderate
13,22,Male,Graduate,Italy,2.8,LinkedIn,No,7.2,8,Single,1,4,Low
14,18,Female,High School,Mexico,6.5,Instagram,Yes,5.5,5,Single,4,9,Moderate
15,21,Male,Undergraduate,Russia,3.7,YouTube,No,6.8,7,In Relationship,2,5,Moderate
16,20,Female,Undergraduate,China,4.2,TikTok,Yes,6.0,6,Complicated,3,7,Moderate
17,24,Male,Graduate,Sweden,2.0,LinkedIn,No,7.8,8,Single,0,3,Low
18,19,Female,High School,Norway,5.0,Instagram,Yes,5.7,5,In Relationship,3,8,Moderate
19,21,Male,Undergraduate,Denmark,3.5,Facebook,No,6.7,7,Single,1,5,Moderate
20,20,Female,Undergraduate,Netherlands,4.7,Snapchat,Yes,5.9,6,Complicated,3,7,Moderate
21,18,Male,High School,Belgium,5.3,TikTok,Yes,5.5,5,Single,4,8,Moderate
22,23,Female,Graduate,Switzerland,2.5,LinkedIn,No,7.3,8,In Relationship,1,4,Low
23,19,Male,Undergraduate,Austria,4.9,Instagram,Yes,5.8,6,Complicated,3,7,Moderate
24,20,Female,Undergraduate,Portugal,5.7,TikTok,Yes,5.4,5,Single,4,8,Moderate
25,22,Male,Graduate,Greece,3.2,Facebook,No,6.9,7,In Relationship,2,5,Moderate
26,19,Female,High School,Ireland,6.1,Instagram,Yes,5.2,5,Complicated,4,9,Moderate
27,21,Male,Undergraduate,New Zealand,3.8,YouTube,No,6.6,7,Single,1,5,Moderate
28,20,Female,Undergraduate,Singapore,4.4,TikTok,Yes,5.9,6,In Relationship,3,7,Moderate
29,24,Male,Graduate,Malaysia,2.2,LinkedIn,No,7.4,8,Single,0,3,Low
30,19,Female,High School,Thailand,5.9,Instagram,Yes,5.3,5,Complicated,4,8,Moderate
31,21,Male,Undergraduate,Vietnam,3.6,Facebook,No,6.7,7,Single,1,5,Moderate
32,20,Female,Undergraduate,Philippines,4.8,Snapchat,Yes,5.7,6,In Relationship,3,7,Moderate
33,18,Male,High School,Indonesia,5.4,TikTok,Yes,5.4,5,Complicated,4,8,Moderate
34,23,Female,Graduate,Taiwan,2.6,LinkedIn,No,7.2,8,Single,1,4,Low
35,19,Male,Undergraduate,Hong Kong,4.7,Instagram,Yes,5.8,6,In Relationship,3,7,Moderate
36,20,Female,Undergraduate,Turkey,5.6,TikTok,Yes,5.5,5,Complicated,4,8,Moderate
37,22,Male,Graduate,Israel,3.1,Facebook,No,6.8,7,Single,1,5,Moderate
38,19,Female,High School,UAE,6.2,Instagram,Yes,5.1,5,In Relationship,4,9,Moderate
39,21,Male,Undergraduate,Egypt,3.9,YouTube,No,6.5,7,Complicated,2,6,Moderate
40,20,Female,Undergraduate,Morocco,4.5,TikTok,Yes,5.8,6,Single,3,7,Moderate
41,24,Male,Graduate,South Africa,2.3,LinkedIn,No,7.3,8,In Relationship,1,4,Low
42,19,Female,High School,Nigeria,5.8,Instagram,Yes,5.4,5,Complicated,4,8,Moderate
43,21,Male,Undergraduate,Kenya,3.7,Facebook,No,6.6,7,Single,2,5,Moderate
44,20,Female,Undergraduate,Ghana,4.6,Snapchat,Yes,5.7,6,In Relationship,3,7,Moderate
45,18,Male,High School,Argentina,5.5,TikTok,Yes,5.3,5,Single,4,8,Moderate
46,23,Female,Graduate,Chile,2.7,LinkedIn,No,7.1,8,Complicated,1,4,Low
47,19,Male,Undergraduate,Colombia,4.8,Instagram,Yes,5.9,6,In Relationship,3,7,Moderate
48,20,Female,Undergraduate,Peru,5.5,TikTok,Yes,5.6,5,Single,4,8,Moderate
49,22,Male,Graduate,Venezuela,3.3,Facebook,No,6.7,7,In Relationship,2,5,Moderate
50,19,Female,High School,Ecuador,6.3,Instagram,Yes,5.2,5,Complicated,4,9,Moderate
51,21,Male,Undergraduate,Uruguay,3.8,YouTube,No,6.4,7,Single,2,6,Moderate
52,20,Female,Undergraduate,Paraguay,4.7,TikTok,Yes,5.8,6,In Relationship,3,7,Moderate
53,24,Male,Graduate,Bolivia,2.4,LinkedIn,No,7.2,8,Complicated,1,4,Low
54,19,Female,High School,Costa Rica,5.7,Instagram,Yes,5.5,5,Single,4,8,Moderate
55,21,Male,Undergraduate,Panama,3.6,Facebook,No,6.5,7,In Relationship,2,5,Moderate
56,20,Female,Undergraduate,Jamaica,4.9,Snapchat,Yes,5.6,6,Complicated,3,7,Moderate
57,18,Male,High School,Trinidad,5.6,TikTok,Yes,5.2,5,Single,4,8,Moderate
58,23,Female,Graduate,Bahamas,2.8,LinkedIn,No,7.0,8,In Relationship,1,4,Low
59,19,Male,Undergraduate,Iceland,4.6,Instagram,Yes,5.9,6,Complicated,3,7,Moderate
60,20,Female,Undergraduate,Finland,5.4,TikTok,Yes,5.7,5,Single,4,8,Moderate
61,22,Male,Graduate,Poland,3.1,Facebook,No,7.1,7,Single,1,5,Moderate
62,19,Female,Undergraduate,Romania,5.6,Instagram,Yes,5.6,5,In Relationship,3,8,Moderate
63,20,Male,Undergraduate,Hungary,4.2,TikTok,Yes,6.0,6,Complicated,3,7,Moderate
64,18,Female,High School,Czech Republic,6.1,Snapchat,Yes,5.2,4,Single,4,9,High
65,23,Male,Graduate,Slovakia,2.3,LinkedIn,No,7.4,8,In Relationship,1,3,Low
66,21,Female,Undergraduate,Croatia,4.8,Instagram,Yes,5.8,6,Single,3,7,Moderate
67,20,Male,Undergraduate,Serbia,3.9,YouTube,No,6.5,7,Complicated,2,6,Moderate
68,19,Female,High School,Slovenia,5.7,TikTok,Yes,5.4,5,In Relationship,4,8,Moderate
69,22,Male,Graduate,Bulgaria,2.8,LinkedIn,No,7.2,8,Single,1,4,Low
70,20,Female,Undergraduate,Estonia,4.5,Instagram,Yes,5.9,6,Complicated,3,7,Moderate
71,18,Male,High School,Latvia,5.4,Snapchat,Yes,5.5,5,Single,4,8,Moderate
72,21,Female,Graduate,Lithuania,3.2,Facebook,No,6.8,7,In Relationship,2,5,Moderate
73,19,Male,Undergraduate,Ukraine,4.9,TikTok,Yes,5.7,6,Complicated,3,7,Moderate
74,20,Female,Undergraduate,Moldova,5.8,Instagram,Yes,5.3,5,Single,4,8,Moderate
75,23,Male,Graduate,Belarus,2.5,LinkedIn,No,7.3,8,In Relationship,1,4,Low
76,21,Female,Undergraduate,Kazakhstan,4.6,Snapchat,Yes,5.8,6,Single,3,7,Moderate
77,19,Male,High School,Uzbekistan,5.5,TikTok,Yes,5.4,5,Complicated,4,8,Moderate
78,22,Female,Graduate,Kyrgyzstan,2.9,Facebook,No,7.0,7,In Relationship,2,5,Moderate
79,20,Male,Undergraduate,Tajikistan,4.7,YouTube,Yes,5.9,6,Single,3,7,Moderate
80,18,Female,High School,Armenia,5.9,Instagram,Yes,5.2,5,Complicated,4,9,Moderate
81,21,Male,Graduate,Georgia,3.0,LinkedIn,No,7.1,8,In Relationship,1,4,Low
82,19,Female,Undergraduate,Azerbaijan,4.8,TikTok,Yes,5.7,6,Single,3,7,Moderate
83,20,Male,Undergraduate,Cyprus,3.8,Facebook,No,6.6,7,Complicated,2,6,Moderate
84,22,Female,Graduate,Malta,2.7,LinkedIn,No,7.2,8,In Relationship,1,4,Low
85,18,Male,High School,Luxembourg,5.6,Snapchat,Yes,5.3,5,Single,4,8,Moderate
86,21,Female,Undergraduate,Monaco,4.5,Instagram,Yes,5.8,6,Complicated,3,7,Moderate
87,19,Male,High School,Andorra,5.3,TikTok,Yes,5.5,5,In Relationship,4,8,Moderate
88,23,Female,Graduate,San Marino,2.6,LinkedIn,No,7.3,8,Single,1,4,Low
89,20,Male,Undergraduate,Vatican City,4.4,YouTube,Yes,6.0,6,Complicated,3,7,Moderate
90,18,Female,High School,Liechtenstein,5.8,Instagram,Yes,5.2,5,Single,4,9,Moderate
91,22,Male,Graduate,Montenegro,2.9,Facebook,No,7.0,7,In Relationship,2,5,Moderate
92,19,Female,Undergraduate,Albania,4.7,TikTok,Yes,5.8,6,Complicated,3,7,Moderate
93,21,Male,Undergraduate,North Macedonia,3.7,Snapchat,No,6.5,7,Single,2,6,Moderate
94,20,Female,High School,Kosovo,5.5,Instagram,Yes,5.4,5,In Relationship,4,8,Moderate
95,23,Male,Graduate,Bosnia,2.4,LinkedIn,No,7.4,8,Complicated,1,4,Low
96,19,Female,Undergraduate,Qatar,4.9,TikTok,Yes,5.7,6,Single,3,7,Moderate
97,18,Male,High School,Kuwait,5.7,Snapchat,Yes,5.3,5,In Relationship,4,8,Moderate
98,22,Female,Graduate,Bahrain,2.8,LinkedIn,No,7.1,8,Complicated,1,4,Low
99,20,Male,Undergraduate,Oman,4.6,Instagram,Yes,5.9,6,Single,3,7,Moderate
100,21,Female,Undergraduate,Jordan,5.4,TikTok,Yes,5.5,5,In Relationship,4,8,Moderate
101,19,Male,High School,Lebanon,5.8,YouTube,Yes,5.2,5,Complicated,4,9,Moderate
102,23,Female,Graduate,Iraq,2.5,LinkedIn,No,7.3,8,Single,1,4,Low
103,20,Male,Undergraduate,Yemen,4.7,Facebook,Yes,5.8,6,In Relationship,3,7,Moderate
104,18,Female,High School,Syria,5.6,Instagram,Yes,5.4,5,Single,4,8,Moderate
105,22,Male,Graduate,Afghanistan,2.9,LinkedIn,No,7.0,7,Complicated,2,5,Moderate
106,19,Female,Undergraduate,Pakistan,4.8,TikTok,Yes,5.7,6,In Relationship,3,7,Moderate
107,21,Male,Undergraduate,Nepal,3.8,YouTube,No,6.6,7,Single,2,6,Moderate
108,20,Female,High School,Bhutan,5.5,Snapchat,Yes,5.5,5,Complicated,4,8,Moderate
109,23,Male,Graduate,Sri Lanka,2.6,LinkedIn,No,7.2,8,In Relationship,1,4,Low
110,19,Female,Undergraduate,Maldives,4.9,Instagram,Yes,5.8,6,Single,3,7,Moderate
111,20,Male,Undergraduate,Bangladesh,6.1,Instagram,Yes,6.2,5,Single,4,8,Moderate
112,21,Female,Undergraduate,India,5.8,TikTok,Yes,5.9,6,In Relationship,3,7,Moderate
113,19,Male,Undergraduate,Nepal,4.9,Facebook,No,7.1,7,Single,2,5,Moderate
114,22,Female,Graduate,Pakistan,5.5,Instagram,Yes,6.0,5,Single,4,8,Moderate
115,20,Male,Undergraduate,Sri Lanka,5.2,TikTok,Yes,6.3,6,In Relationship,3,7,Moderate
116,19,Female,Undergraduate,Maldives,4.8,Instagram,No,7.2,8,Single,2,5,Low
117,21,Male,Graduate,Bangladesh,6.0,Facebook,Yes,5.8,5,In Relationship,4,8,Moderate
118,20,Female,Undergraduate,India,5.7,Instagram,Yes,6.1,6,Single,3,7,Moderate
119,22,Male,Graduate,Nepal,4.7,TikTok,No,7.3,7,Single,2,5,Moderate
120,19,Female,Undergraduate,Pakistan,5.4,Instagram,Yes,6.2,5,In Relationship,4,8,Moderate
121,20,Male,Undergraduate,Sri Lanka,5.9,Facebook,Yes,5.9,6,Single,3,7,Moderate
122,21,Female,Graduate,Maldives,4.6,Instagram,No,7.4,8,In Relationship,2,5,Low
123,19,Male,Undergraduate,Bangladesh,5.3,TikTok,Yes,6.3,5,Single,4,8,Moderate
124,22,Female,Graduate,India,5.8,Instagram,Yes,5.8,6,In Relationship,3,7,Moderate
125,20,Male,Undergraduate,Nepal,4.5,Facebook,No,7.5,7,Single,2,5,Moderate
126,21,Female,Graduate,Pakistan,5.2,Instagram,Yes,6.4,5,In Relationship,4,8,Moderate
127,19,Male,Undergraduate,Sri Lanka,5.7,TikTok,Yes,5.7,6,Single,3,7,Moderate
128,20,Female,Undergraduate,Maldives,4.4,Instagram,No,7.6,8,In Relationship,2,5,Low
129,22,Male,Graduate,Bangladesh,5.1,Facebook,Yes,6.5,5,Single,4,8,Moderate
130,21,Female,Graduate,India,5.6,Instagram,Yes,5.6,6,In Relationship,3,7,Moderate
131,19,Male,Undergraduate,Nepal,4.3,TikTok,No,7.7,7,Single,2,5,Moderate
132,20,Female,Undergraduate,Pakistan,5.0,Instagram,Yes,6.6,5,In Relationship,4,8,Moderate
133,22,Male,Graduate,Sri Lanka,5.5,Facebook,Yes,5.5,6,Single,3,7,Moderate
134,21,Female,Graduate,Maldives,4.2,Instagram,No,7.8,8,In Relationship,2,5,Low
135,19,Male,Undergraduate,Bangladesh,4.9,TikTok,Yes,6.7,5,Single,4,8,Moderate
136,20,Female,Undergraduate,India,5.4,Instagram,Yes,5.4,6,In Relationship,3,7,Moderate
137,22,Male,Graduate,Nepal,4.1,Facebook,No,7.9,7,Single,2,5,Moderate
138,21,Female,Graduate,Pakistan,4.8,Instagram,Yes,6.8,5,In Relationship,4,8,Moderate
139,19,Male,Undergraduate,Sri Lanka,5.3,TikTok,Yes,5.3,6,Single,3,7,Moderate
140,20,Female,Undergraduate,Maldives,4.0,Instagram,No,8.0,8,In Relationship,2,5,Low
141,22,Male,Graduate,Bangladesh,4.7,Facebook,Yes,6.9,5,Single,4,8,Moderate
142,21,Female,Graduate,India,5.2,Instagram,Yes,5.2,6,In Relationship,3,7,Moderate
143,19,Male,Undergraduate,Nepal,3.9,TikTok,No,8.1,7,Single,2,5,Moderate
144,20,Female,Undergraduate,Pakistan,4.6,Instagram,Yes,7.0,5,In Relationship,4,8,Moderate
145,22,Male,Graduate,Sri Lanka,5.1,Facebook,Yes,5.1,6,Single,3,7,Moderate
146,21,Female,Graduate,Maldives,3.8,Instagram,No,8.2,8,In Relationship,2,5,Low
147,19,Male,Undergraduate,Bangladesh,4.5,TikTok,Yes,7.1,5,Single,4,8,Moderate
148,20,Female,Undergraduate,India,5.0,Instagram,Yes,5.0,6,In Relationship,3,7,Moderate
149,22,Male,Graduate,Nepal,3.7,Facebook,No,8.3,7,Single,2,5,Moderate
150,21,Female,Graduate,Pakistan,4.4,Instagram,Yes,7.2,5,In Relationship,4,8,Moderate
151,19,Male,Undergraduate,Sri Lanka,4.9,TikTok,Yes,4.9,6,Single,3,7,Moderate
152,20,Female,Undergraduate,Maldives,3.6,Instagram,No,8.4,8,In Relationship,2,5,Low
153,22,Male,Graduate,Bangladesh,4.3,Facebook,Yes,7.3,5,Single,4,8,Moderate
154,21,Female,Graduate,India,4.8,Instagram,Yes,4.8,6,In Relationship,3,7,Moderate
155,19,Male,Undergraduate,Nepal,3.5,TikTok,No,8.5,7,Single,2,5,Moderate
156,20,Female,Undergraduate,Pakistan,4.2,Instagram,Yes,7.4,5,In Relationship,4,8,Moderate
157,22,Male,Graduate,Sri Lanka,4.7,Facebook,Yes,4.7,6,Single,3,7,Moderate
158,21,Female,Graduate,Maldives,3.4,Instagram,No,8.6,8,In Relationship,2,5,Low
159,19,Male,Undergraduate,Bangladesh,4.1,TikTok,Yes,7.5,5,Single,4,8,Moderate
160,20,Female,Undergraduate,India,4.6,Instagram,Yes,4.6,6,In Relationship,3,7,Moderate
161,19,Female,Undergraduate,Bangladesh,5.3,Instagram,Yes,6.1,5,Single,3,7,Moderate
162,21,Male,Graduate,India,4.8,Facebook,No,7.2,7,In Relationship,2,6,Moderate
163,20,Female,Undergraduate,Nepal,5.5,TikTok,Yes,5.9,6,Single,4,8,Moderate
164,22,Male,Graduate,Pakistan,4.7,Instagram,Yes,6.3,5,In Relationship,3,7,Moderate
165,19,Female,Undergraduate,Sri Lanka,5.1,Facebook,No,7.0,7,Single,2,5,Moderate
166,21,Male,Graduate,Maldives,5.4,TikTok,Yes,6.0,6,In Relationship,4,8,Moderate
167,20,Female,Undergraduate,Bangladesh,4.9,Instagram,Yes,6.4,5,Single,3,7,Moderate
168,22,Male,Graduate,India,5.2,Facebook,No,7.1,7,In Relationship,2,6,Moderate
169,19,Female,Undergraduate,Nepal,5.6,TikTok,Yes,5.8,6,Single,4,8,Moderate
170,21,Male,Graduate,Pakistan,4.6,Instagram,Yes,6.5,5,In Relationship,3,7,Moderate
171,20,Female,Undergraduate,Sri Lanka,5.0,Facebook,No,7.3,7,Single,2,5,Moderate
172,22,Male,Graduate,Maldives,5.3,TikTok,Yes,5.7,6,In Relationship,4,8,Moderate
173,19,Female,Undergraduate,Bangladesh,4.8,Instagram,Yes,6.6,5,Single,3,7,Moderate
174,21,Male,Graduate,India,5.1,Facebook,No,7.4,7,In Relationship,2,6,Moderate
175,20,Female,Undergraduate,Nepal,5.7,TikTok,Yes,5.6,6,Single,4,8,Moderate
176,22,Male,Graduate,Pakistan,4.5,Instagram,Yes,6.7,5,In Relationship,3,7,Moderate
177,19,Female,Undergraduate,Sri Lanka,4.9,Facebook,No,7.5,7,Single,2,5,Moderate
178,21,Male,Graduate,Maldives,5.2,TikTok,Yes,5.5,6,In Relationship,4,8,Moderate
179,20,Female,Undergraduate,Bangladesh,4.7,Instagram,Yes,6.8,5,Single,3,7,Moderate
180,22,Male,Graduate,India,5.0,Facebook,No,7.6,7,In Relationship,2,6,Moderate
181,19,Female,Undergraduate,Nepal,5.8,TikTok,Yes,5.4,6,Single,4,8,Moderate
182,21,Male,Graduate,Pakistan,4.4,Instagram,Yes,6.9,5,In Relationship,3,7,Moderate
183,20,Female,Undergraduate,Sri Lanka,4.8,Facebook,No,7.7,7,Single,2,5,Moderate
184,22,Male,Graduate,Maldives,5.1,TikTok,Yes,5.3,6,In Relationship,4,8,Moderate
185,19,Female,Undergraduate,Bangladesh,4.6,Instagram,Yes,7.0,5,Single,3,7,Moderate
186,21,Male,Graduate,India,4.9,Facebook,No,7.8,7,In Relationship,2,6,Moderate
187,20,Female,Undergraduate,Nepal,5.9,TikTok,Yes,5.2,6,Single,4,8,Moderate
188,22,Male,Graduate,Pakistan,4.3,Instagram,Yes,7.1,5,In Relationship,3,7,Moderate
189,19,Female,Undergraduate,Sri Lanka,4.7,Facebook,No,7.9,7,Single,2,5,Moderate
190,21,Male,Graduate,Maldives,5.0,TikTok,Yes,5.1,6,In Relationship,4,8,Moderate
191,20,Female,Undergraduate,Bangladesh,4.5,Instagram,Yes,7.2,5,Single,3,7,Moderate
192,22,Male,Graduate,India,4.8,Facebook,No,8.0,7,In Relationship,2,6,Moderate
193,19,Female,Undergraduate,Nepal,6.0,TikTok,Yes,5.0,6,Single,4,8,Moderate
194,21,Male,Graduate,Pakistan,4.2,Instagram,Yes,7.3,5,In Relationship,3,7,Moderate
195,20,Female,Undergraduate,Sri Lanka,4.6,Facebook,No,8.1,7,Single,2,5,Moderate
196,22,Male,Graduate,Maldives,4.9,TikTok,Yes,4.9,6,In Relationship,4,8,Moderate
197,19,Female,Undergraduate,Bangladesh,4.4,Instagram,Yes,7.4,5,Single,3,7,Moderate
198,21,Male,Graduate,India,4.7,Facebook,No,8.2,7,In Relationship,2,6,Moderate
199,20,Female,Undergraduate,Nepal,6.1,TikTok,Yes,4.8,6,Single,4,8,Moderate
200,22,Male,Graduate,Pakistan,4.1,Instagram,Yes,7.5,5,In Relationship,3,7,Moderate
201,19,Female,Undergraduate,Sri Lanka,4.5,Facebook,No,8.3,7,Single,2,5,Moderate
202,21,Male,Graduate,Maldives,4.8,TikTok,Yes,4.7,6,In Relationship,4,8,Moderate
203,20,Female,Undergraduate,Bangladesh,4.3,Instagram,Yes,7.6,5,Single,3,7,Moderate
204,22,Male,Graduate,India,4.6,Facebook,No,8.4,7,In Relationship,2,6,Moderate
205,19,Female,Undergraduate,Nepal,6.2,TikTok,Yes,4.6,6,Single,4,8,Moderate
206,21,Male,Graduate,Pakistan,4.0,Instagram,Yes,7.7,5,In Relationship,3,7,Moderate
207,20,Female,Undergraduate,Sri Lanka,4.4,Facebook,No,8.5,7,Single,2,5,Moderate
208,22,Male,Graduate,Maldives,4.7,TikTok,Yes,4.5,6,In Relationship,4,8,Moderate
209,19,Female,Undergraduate,Bangladesh,4.2,Instagram,Yes,7.8,5,Single,3,7,Moderate
210,21,Male,Graduate,India,4.5,Facebook,No,8.6,7,In Relationship,2,6,Moderate
211,20,Female,Undergraduate,Nepal,6.3,TikTok,Yes,4.4,6,Single,4,8,Moderate
212,22,Male,Graduate,Pakistan,3.9,Instagram,Yes,7.9,5,In Relationship,3,7,Moderate
213,19,Female,Undergraduate,Sri Lanka,4.3,Facebook,No,8.7,7,Single,2,5,Moderate
214,21,Male,Graduate,Maldives,4.6,TikTok,Yes,4.3,6,In Relationship,4,8,Moderate
215,20,Female,Undergraduate,Bangladesh,4.1,Instagram,Yes,8.0,5,Single,3,7,Moderate
216,22,Male,Graduate,India,4.4,Facebook,No,8.8,7,In Relationship,2,6,Moderate
217,19,Female,Undergraduate,Nepal,6.4,TikTok,Yes,4.2,6,Single,4,8,Moderate
218,21,Male,Graduate,Pakistan,3.8,Instagram,Yes,8.1,5,In Relationship,3,7,Moderate
219,20,Female,Undergraduate,Sri Lanka,4.2,Facebook,No,8.9,7,Single,2,5,Moderate
220,22,Male,Graduate,Maldives,4.5,TikTok,Yes,4.1,6,In Relationship,4,8,Moderate
221,19,Female,Undergraduate,USA,6.5,Instagram,Yes,6.0,5,Single,4,9,Moderate
222,21,Male,Graduate,UK,5.8,TikTok,Yes,6.5,6,In Relationship,3,7,Moderate
223,20,Female,Undergraduate,Australia,4.5,Instagram,No,7.5,8,Single,2,5,Low
224,22,Male,Graduate,Germany,4.2,Facebook,No,7.8,7,In Relationship,2,4,Moderate
225,19,Female,Undergraduate,Japan,3.8,LINE,No,7.9,8,Single,1,3,Low
226,21,Male,Graduate,Italy,5.5,Instagram,Yes,6.8,6,Single,3,7,Moderate
227,20,Female,Undergraduate,South Korea,5.2,KakaoTalk,Yes,6.5,6,In Relationship,3,6,Moderate
228,22,Male,Graduate,Russia,4.8,VKontakte,No,7.2,7,Single,2,5,Moderate
229,19,Female,Undergraduate,USA,7.0,TikTok,Yes,5.8,4,In Relationship,4,9,High
230,21,Male,Graduate,UK,5.5,Instagram,Yes,6.7,6,Single,3,7,Moderate
231,20,Female,Undergraduate,Australia,4.7,Facebook,No,7.4,7,In Relationship,2,5,Moderate
232,22,Male,Graduate,Germany,4.0,Instagram,No,7.9,8,Single,1,4,Low
233,19,Female,Undergraduate,Japan,3.5,LINE,No,8.0,8,Single,1,3,Low
234,21,Male,Graduate,Italy,5.7,TikTok,Yes,6.5,5,In Relationship,3,8,Moderate
235,20,Female,Undergraduate,South Korea,5.0,KakaoTalk,Yes,6.8,6,Single,3,6,Moderate
236,22,Male,Graduate,Russia,4.5,VKontakte,No,7.4,7,In Relationship,2,5,Moderate
237,19,Female,Undergraduate,USA,6.8,Instagram,Yes,5.9,4,Single,4,9,High
238,21,Male,Graduate,UK,5.6,Facebook,Yes,6.6,6,In Relationship,3,7,Moderate
239,20,Female,Undergraduate,Australia,4.6,Instagram,No,7.3,7,Single,2,5,Moderate
240,22,Male,Graduate,Germany,4.1,Facebook,No,7.7,8,In Relationship,2,4,Low
241,19,Female,Undergraduate,Japan,3.7,LINE,No,7.8,8,Single,1,3,Low
242,21,Male,Graduate,Italy,5.4,Instagram,Yes,6.7,5,Single,3,7,Moderate
243,20,Female,Undergraduate,South Korea,5.1,KakaoTalk,Yes,6.6,6,In Relationship,3,6,Moderate
244,22,Male,Graduate,Russia,4.7,VKontakte,No,7.3,7,Single,2,5,Moderate
245,19,Female,Undergraduate,USA,6.9,TikTok,Yes,5.7,4,In Relationship,4,9,High
246,21,Male,Graduate,UK,5.7,Instagram,Yes,6.4,6,Single,3,7,Moderate
247,20,Female,Undergraduate,Australia,4.8,Facebook,No,7.2,7,In Relationship,2,5,Moderate
248,22,Male,Graduate,Germany,3.9,Instagram,No,7.8,8,Single,1,4,Low
249,19,Female,Undergraduate,Japan,3.6,LINE,No,8.1,8,Single,1,3,Low
250,21,Male,Graduate,Italy,5.6,TikTok,Yes,6.6,5,In Relationship,3,8,Moderate
251,20,Female,Undergraduate,South Korea,4.9,KakaoTalk,Yes,6.9,6,Single,3,6,Moderate
252,22,Male,Graduate,Russia,4.6,VKontakte,No,7.5,7,In Relationship,2,5,Moderate
253,19,Female,Undergraduate,USA,6.7,Instagram,Yes,5.8,4,Single,4,9,High
254,21,Male,Graduate,UK,5.4,Facebook,Yes,6.5,6,In Relationship,3,7,Moderate
255,20,Female,Undergraduate,Australia,4.4,Instagram,No,7.4,7,Single,2,5,Moderate
256,22,Male,Graduate,Germany,4.0,Facebook,No,7.6,8,In Relationship,2,4,Low
257,19,Female,Undergraduate,Japan,3.4,LINE,No,8.2,8,Single,1,3,Low
258,21,Male,Graduate,Italy,5.3,Instagram,Yes,6.8,5,Single,3,7,Moderate
259,20,Female,Undergraduate,South Korea,5.0,KakaoTalk,Yes,6.7,6,In Relationship,3,6,Moderate
260,22,Male,Graduate,Russia,4.4,VKontakte,No,7.6,7,Single,2,5,Moderate
261,19,Female,Undergraduate,USA,6.6,TikTok,Yes,5.6,4,In Relationship,4,9,High
262,21,Male,Graduate,UK,5.3,Instagram,Yes,6.3,6,Single,3,7,Moderate
263,20,Female,Undergraduate,Australia,4.3,Facebook,No,7.5,7,In Relationship,2,5,Moderate
264,22,Male,Graduate,Germany,3.8,Instagram,No,7.7,8,Single,1,4,Low
265,19,Female,Undergraduate,Japan,3.3,LINE,No,8.3,8,Single,1,3,Low
266,21,Male,Graduate,Italy,5.2,TikTok,Yes,6.9,5,In Relationship,3,8,Moderate
267,20,Female,Undergraduate,South Korea,4.8,KakaoTalk,Yes,7.0,6,Single,3,6,Moderate
268,22,Male,Graduate,Russia,4.3,VKontakte,No,7.7,7,In Relationship,2,5,Moderate
269,19,Female,Undergraduate,USA,6.4,Instagram,Yes,5.7,4,Single,4,9,High
270,21,Male,Graduate,UK,5.2,Facebook,Yes,6.4,6,In Relationship,3,7,Moderate
271,20,Female,Undergraduate,Australia,4.5,Instagram,No,7.3,7,Single,2,5,Moderate
272,22,Male,Graduate,Germany,3.7,Facebook,No,7.8,8,In Relationship,1,4,Low
273,19,Female,Undergraduate,Japan,3.2,LINE,No,8.4,8,Single,1,3,Low
274,21,Male,Graduate,Italy,5.4,Instagram,Yes,6.7,5,Single,3,7,Moderate
275,20,Female,Undergraduate,South Korea,4.7,KakaoTalk,Yes,7.1,6,In Relationship,3,6,Moderate
276,22,Male,Graduate,Russia,4.2,VKontakte,No,7.8,7,Single,2,5,Moderate
277,19,Female,Undergraduate,USA,6.6,TikTok,Yes,5.5,4,In Relationship,4,9,High
278,21,Male,Graduate,UK,5.1,Instagram,Yes,6.5,6,Single,3,7,Moderate
279,20,Female,Undergraduate,Australia,4.4,Facebook,No,7.4,7,In Relationship,2,5,Moderate
280,22,Male,Graduate,Germany,3.6,Instagram,No,7.9,8,Single,1,4,Low
281,19,Female,Undergraduate,Japan,3.1,LINE,No,8.5,8,Single,1,3,Low
282,21,Male,Graduate,Italy,5.3,TikTok,Yes,6.8,5,In Relationship,3,8,Moderate
283,20,Female,Undergraduate,South Korea,4.6,KakaoTalk,Yes,7.2,6,Single,3,6,Moderate
284,22,Male,Graduate,Russia,4.1,VKontakte,No,7.9,7,In Relationship,2,5,Moderate
285,19,Female,Undergraduate,USA,6.7,Instagram,Yes,5.4,4,Single,4,9,High
286,21,Male,Graduate,UK,5.0,Facebook,Yes,6.6,6,In Relationship,3,7,Moderate
287,20,Female,Undergraduate,Australia,4.3,Instagram,No,7.5,7,Single,2,5,Moderate
288,22,Male,Graduate,Germany,3.5,Facebook,No,8.0,8,In Relationship,1,4,Low
289,19,Female,Undergraduate,Japan,3.0,LINE,No,8.6,8,Single,1,3,Low
290,21,Male,Graduate,Italy,5.2,Instagram,Yes,6.9,5,Single,3,7,Moderate
291,20,Female,Undergraduate,South Korea,4.5,KakaoTalk,Yes,7.3,6,In Relationship,3,6,Moderate
292,22,Male,Graduate,Russia,4.0,VKontakte,No,8.0,7,Single,2,5,Moderate
293,19,Female,Undergraduate,USA,6.8,TikTok,Yes,5.3,4,In Relationship,4,9,High
294,21,Male,Graduate,UK,4.9,Instagram,Yes,6.7,6,Single,3,7,Moderate
295,20,Female,Undergraduate,Australia,4.2,Facebook,No,7.6,7,In Relationship,2,5,Moderate
296,22,Male,Graduate,Germany,3.4,Instagram,No,8.1,8,Single,1,4,Low
297,19,Female,Undergraduate,Japan,2.9,LINE,No,8.7,8,Single,1,3,Low
298,21,Male,Graduate,Italy,5.1,TikTok,Yes,7.0,5,In Relationship,3,8,Moderate
299,20,Female,Undergraduate,South Korea,4.4,KakaoTalk,Yes,7.4,6,Single,3,6,Moderate
300,22,Male,Graduate,Russia,3.9,VKontakte,No,8.1,7,In Relationship,2,5,Moderate
301,19,Female,Undergraduate,USA,6.9,Instagram,Yes,5.2,4,Single,4,9,High
302,21,Male,Graduate,UK,4.8,Facebook,Yes,6.8,6,In Relationship,3,7,Moderate
303,20,Female,Undergraduate,Australia,4.1,Instagram,No,7.7,7,Single,2,5,Moderate
304,22,Male,Graduate,Germany,3.3,Facebook,No,8.2,8,In Relationship,1,4,Low
305,19,Female,Undergraduate,Japan,2.8,LINE,No,8.8,8,Single,1,3,Low
306,21,Male,Graduate,Italy,5.0,Instagram,Yes,7.1,5,Single,3,7,Moderate
307,20,Female,Undergraduate,South Korea,4.3,KakaoTalk,Yes,7.5,6,In Relationship,3,6,Moderate
308,22,Male,Graduate,Russia,3.8,VKontakte,No,8.2,7,Single,2,5,Moderate
309,19,Female,Undergraduate,USA,7.0,TikTok,Yes,5.1,4,In Relationship,4,9,High
310,21,Male,Graduate,UK,4.7,Instagram,Yes,6.9,6,Single,3,7,Moderate
311,20,Female,Undergraduate,Australia,4.0,Facebook,No,7.8,7,In Relationship,2,5,Moderate
312,22,Male,Graduate,Germany,3.2,Instagram,No,8.3,8,Single,1,4,Low
313,19,Female,Undergraduate,Japan,2.7,LINE,No,8.9,8,Single,1,3,Low
314,21,Male,Graduate,Italy,4.9,TikTok,Yes,7.2,5,In Relationship,3,8,Moderate
315,20,Female,Undergraduate,South Korea,4.2,KakaoTalk,Yes,7.6,6,Single,3,6,Moderate
316,22,Male,Graduate,Russia,3.7,VKontakte,No,8.3,7,In Relationship,2,5,Moderate
317,19,Female,Undergraduate,USA,7.1,Instagram,Yes,5.0,4,Single,4,9,High
318,21,Male,Graduate,UK,4.6,Facebook,Yes,7.0,6,In Relationship,3,7,Moderate
319,20,Female,Undergraduate,Australia,3.9,Instagram,No,7.9,7,Single,2,5,Moderate
320,22,Male,Graduate,Germany,3.1,Facebook,No,8.4,8,In Relationship,1,4,Low
321,19,Female,Undergraduate,Spain,5.2,Instagram,Yes,6.8,6,Single,3,7,Moderate
322,21,Male,Graduate,Denmark,4.1,Facebook,No,7.8,8,In Relationship,2,4,Low
323,20,Female,Undergraduate,Ireland,5.0,Instagram,Yes,7.0,7,Single,3,6,Moderate
324,22,Male,Graduate,India,5.8,WhatsApp,Yes,6.5,5,In Relationship,4,8,Moderate
325,19,Female,Undergraduate,Switzerland,4.0,Instagram,No,7.9,8,Single,2,4,Low
326,21,Male,Graduate,Turkey,5.5,Instagram,Yes,6.7,6,Single,3,7,Moderate
327,20,Female,Undergraduate,USA,6.8,TikTok,Yes,5.5,5,In Relationship,4,9,Moderate
328,22,Male,Graduate,Mexico,5.6,WhatsApp,Yes,6.6,6,Single,3,7,Moderate
329,19,Female,Undergraduate,France,4.5,Instagram,No,7.5,7,In Relationship,2,5,Moderate
330,21,Male,Graduate,Canada,5.3,Instagram,Yes,6.9,6,Single,3,7,Moderate
331,20,Female,Undergraduate,Spain,5.1,TikTok,Yes,6.7,6,Single,3,7,Moderate
332,22,Male,Graduate,Denmark,3.9,Facebook,No,7.9,8,In Relationship,2,4,Low
333,19,Female,Undergraduate,Ireland,4.8,Instagram,Yes,7.1,7,Single,3,6,Moderate
334,21,Male,Graduate,India,5.9,WhatsApp,Yes,6.4,5,In Relationship,4,8,Moderate
335,20,Female,Undergraduate,Switzerland,3.8,Instagram,No,8.0,8,Single,2,4,Low
336,22,Male,Graduate,Turkey,5.4,TikTok,Yes,6.8,6,Single,3,7,Moderate
337,19,Female,Undergraduate,USA,6.9,Instagram,Yes,5.4,5,In Relationship,4,9,Moderate
338,21,Male,Graduate,Mexico,5.7,WhatsApp,Yes,6.5,6,Single,3,7,Moderate
339,20,Female,Undergraduate,France,4.4,Instagram,No,7.6,7,In Relationship,2,5,Moderate
340,22,Male,Graduate,Canada,5.2,TikTok,Yes,7.0,6,Single,3,7,Moderate
341,19,Female,Undergraduate,Spain,5.0,Instagram,Yes,6.9,6,Single,3,7,Moderate
342,21,Male,Graduate,Denmark,3.8,Facebook,No,8.0,8,In Relationship,2,4,Low
343,20,Female,Undergraduate,Ireland,4.7,TikTok,Yes,7.2,7,Single,3,6,Moderate
344,22,Male,Graduate,India,6.0,WhatsApp,Yes,6.3,5,In Relationship,4,8,Moderate
345,19,Female,Undergraduate,Switzerland,3.7,Instagram,No,8.1,8,Single,2,4,Low
346,21,Male,Graduate,Turkey,5.3,Instagram,Yes,6.9,6,Single,3,7,Moderate
347,20,Female,Undergraduate,USA,7.0,TikTok,Yes,5.3,5,In Relationship,4,9,Moderate
348,22,Male,Graduate,Mexico,5.8,WhatsApp,Yes,6.4,6,Single,3,7,Moderate
349,19,Female,Undergraduate,France,4.3,Instagram,No,7.7,7,In Relationship,2,5,Moderate
350,21,Male,Graduate,Canada,5.1,Instagram,Yes,7.1,6,Single,3,7,Moderate
351,20,Female,Undergraduate,Spain,4.9,TikTok,Yes,7.0,6,Single,3,7,Moderate
352,22,Male,Graduate,Denmark,3.7,Facebook,No,8.1,8,In Relationship,2,4,Low
353,19,Female,Undergraduate,Ireland,4.6,Instagram,Yes,7.3,7,Single,3,6,Moderate
354,21,Male,Graduate,India,6.1,WhatsApp,Yes,6.2,5,In Relationship,4,8,Moderate
355,20,Female,Undergraduate,Switzerland,3.6,Instagram,No,8.2,8,Single,2,4,Low
356,22,Male,Graduate,Turkey,5.2,TikTok,Yes,7.0,6,Single,3,7,Moderate
357,19,Female,Undergraduate,USA,7.1,Instagram,Yes,5.2,5,In Relationship,4,9,Moderate
358,21,Male,Graduate,Mexico,5.9,WhatsApp,Yes,6.3,6,Single,3,7,Moderate
359,20,Female,Undergraduate,France,4.2,Instagram,No,7.8,7,In Relationship,2,5,Moderate
360,22,Male,Graduate,Canada,5.0,TikTok,Yes,7.2,6,Single,3,7,Moderate
361,19,Female,Undergraduate,Spain,4.8,Instagram,Yes,7.1,6,Single,3,7,Moderate
362,21,Male,Graduate,Denmark,3.6,Facebook,No,8.2,8,In Relationship,2,4,Low
363,20,Female,Undergraduate,Ireland,4.5,TikTok,Yes,7.4,7,Single,3,6,Moderate
364,22,Male,Graduate,India,6.2,WhatsApp,Yes,6.1,5,In Relationship,4,8,Moderate
365,19,Female,Undergraduate,Switzerland,3.5,Instagram,No,8.3,8,Single,2,4,Low
366,21,Male,Graduate,Turkey,5.1,Instagram,Yes,7.1,6,Single,3,7,Moderate
367,20,Female,Undergraduate,USA,7.2,TikTok,Yes,5.1,5,In Relationship,4,9,Moderate
368,22,Male,Graduate,Mexico,6.0,WhatsApp,Yes,6.2,6,Single,3,7,Moderate
369,19,Female,Undergraduate,France,4.1,Instagram,No,7.9,7,In Relationship,2,5,Moderate
370,21,Male,Graduate,Canada,4.9,Instagram,Yes,7.3,6,Single,3,7,Moderate
371,20,Female,Undergraduate,Spain,4.7,TikTok,Yes,7.2,6,Single,3,7,Moderate
372,22,Male,Graduate,Denmark,3.5,Facebook,No,8.3,8,In Relationship,2,4,Low
373,19,Female,Undergraduate,Ireland,4.4,Instagram,Yes,7.5,7,Single,3,6,Moderate
374,21,Male,Graduate,India,6.3,WhatsApp,Yes,6.0,5,In Relationship,4,8,Moderate
375,20,Female,Undergraduate,Switzerland,3.4,Instagram,No,8.4,8,Single,2,4,Low
376,22,Male,Graduate,Turkey,5.0,TikTok,Yes,7.2,6,Single,3,7,Moderate
377,19,Female,Undergraduate,USA,7.3,Instagram,Yes,5.0,5,In Relationship,4,9,Moderate
378,21,Male,Graduate,Mexico,6.1,WhatsApp,Yes,6.1,6,Single,3,7,Moderate
379,20,Female,Undergraduate,France,4.0,Instagram,No,8.0,7,In Relationship,2,5,Moderate
380,22,Male,Graduate,Canada,4.8,TikTok,Yes,7.4,6,Single,3,7,Moderate
381,19,Female,Undergraduate,Spain,4.6,Instagram,Yes,7.3,6,Single,3,7,Moderate
382,21,Male,Graduate,Denmark,3.4,Facebook,No,8.4,8,In Relationship,2,4,Low
383,20,Female,Undergraduate,Ireland,4.3,TikTok,Yes,7.6,7,Single,3,6,Moderate
384,22,Male,Graduate,India,6.4,WhatsApp,Yes,5.9,5,In Relationship,4,8,Moderate
385,19,Female,Undergraduate,Switzerland,3.3,Instagram,No,8.5,8,Single,2,4,Low
386,21,Male,Graduate,Turkey,4.9,Instagram,Yes,7.3,6,Single,3,7,Moderate
387,20,Female,Undergraduate,USA,7.4,TikTok,Yes,4.9,5,In Relationship,4,9,Moderate
388,22,Male,Graduate,Mexico,6.2,WhatsApp,Yes,6.0,6,Single,3,7,Moderate
389,19,Female,Undergraduate,France,3.9,Instagram,No,8.1,7,In Relationship,2,5,Moderate
390,21,Male,Graduate,Canada,4.7,Instagram,Yes,7.5,6,Single,3,7,Moderate
391,20,Female,Undergraduate,Spain,4.5,TikTok,Yes,7.4,6,Single,3,7,Moderate
392,22,Male,Graduate,Denmark,3.3,Facebook,No,8.5,8,In Relationship,2,4,Low
393,19,Female,Undergraduate,Ireland,4.2,Instagram,Yes,7.7,7,Single,3,6,Moderate
394,21,Male,Graduate,India,6.5,WhatsApp,Yes,5.8,5,In Relationship,4,8,Moderate
395,20,Female,Undergraduate,Switzerland,3.2,Instagram,No,8.6,8,Single,2,4,Low
396,22,Male,Graduate,Turkey,4.8,TikTok,Yes,7.4,6,Single,3,7,Moderate
397,19,Female,Undergraduate,USA,7.5,Instagram,Yes,4.8,5,In Relationship,4,9,Moderate
398,21,Male,Graduate,Mexico,6.3,WhatsApp,Yes,5.9,6,Single,3,7,Moderate
399,20,Female,Undergraduate,France,3.8,Instagram,No,8.2,7,In Relationship,2,5,Moderate
400,22,Male,Graduate,Canada,4.6,TikTok,Yes,7.6,6,Single,3,7,Moderate
401,19,Female,Undergraduate,Spain,4.4,Instagram,Yes,7.5,6,Single,3,7,Moderate
402,21,Male,Graduate,Denmark,3.2,Facebook,No,8.6,8,In Relationship,2,4,Low
403,20,Female,Undergraduate,Ireland,4.1,TikTok,Yes,7.8,7,Single,3,6,Moderate
404,22,Male,Graduate,India,6.6,WhatsApp,Yes,5.7,5,In Relationship,4,8,Moderate
405,19,Female,Undergraduate,Switzerland,3.1,Instagram,No,8.7,8,Single,2,4,Low
406,21,Male,Graduate,Turkey,4.7,Instagram,Yes,7.5,6,Single,3,7,Moderate
407,20,Female,Undergraduate,USA,7.6,TikTok,Yes,4.7,5,In Relationship,4,9,Moderate
408,22,Male,Graduate,Mexico,6.4,WhatsApp,Yes,5.8,6,Single,3,7,Moderate
409,19,Female,Undergraduate,France,3.7,Instagram,No,8.3,7,In Relationship,2,5,Moderate
410,21,Male,Graduate,Canada,4.5,Instagram,Yes,7.7,6,Single,3,7,Moderate
411,20,Female,Undergraduate,Spain,4.3,TikTok,Yes,7.6,6,Single,3,7,Moderate
412,22,Male,Graduate,Denmark,3.1,Facebook,No,8.7,8,In Relationship,2,4,Low
413,19,Female,Undergraduate,Ireland,4.0,Instagram,Yes,7.9,7,Single,3,6,Moderate
414,21,Male,Graduate,India,6.7,WhatsApp,Yes,5.6,5,In Relationship,4,8,Moderate
415,20,Female,Undergraduate,Switzerland,3.0,Instagram,No,8.8,8,Single,2,4,Low
416,22,Male,Graduate,Turkey,4.6,TikTok,Yes,7.6,6,Single,3,7,Moderate
417,19,Female,Undergraduate,USA,7.7,Instagram,Yes,4.6,5,In Relationship,4,9,Moderate
418,21,Male,Graduate,Mexico,6.5,WhatsApp,Yes,5.7,6,Single,3,7,Moderate
419,20,Female,Undergraduate,France,3.6,Instagram,No,8.4,7,In Relationship,2,5,Moderate
420,22,Male,Graduate,Canada,4.4,TikTok,Yes,7.8,6,Single,3,7,Moderate
421,19,Female,Undergraduate,Spain,4.2,Instagram,Yes,7.7,6,Single,3,7,Moderate
422,21,Male,Graduate,Denmark,3.0,Facebook,No,8.8,8,In Relationship,2,4,Low
423,20,Female,Undergraduate,Ireland,3.9,TikTok,Yes,8.0,7,Single,3,6,Moderate
424,22,Male,Graduate,India,6.8,WhatsApp,Yes,5.5,5,In Relationship,4,8,Moderate
425,19,Female,Undergraduate,Switzerland,2.9,Instagram,No,8.9,8,Single,2,4,Low
426,21,Male,Graduate,Turkey,4.5,Instagram,Yes,7.7,6,Single,3,7,Moderate
427,20,Female,Undergraduate,USA,7.8,TikTok,Yes,4.5,5,In Relationship,4,9,Moderate
428,22,Male,Graduate,Mexico,6.6,WhatsApp,Yes,5.6,6,Single,3,7,Moderate
429,19,Female,Undergraduate,France,3.5,Instagram,No,8.5,7,In Relationship,2,5,Moderate
430,21,Male,Graduate,Canada,4.3,Instagram,Yes,7.9,6,Single,3,7,Moderate
431,20,Female,Undergraduate,Spain,4.1,TikTok,Yes,7.8,6,Single,3,7,Moderate
432,22,Male,Graduate,Denmark,2.9,Facebook,No,8.9,8,In Relationship,2,4,Low
433,19,Female,Undergraduate,Ireland,3.8,Instagram,Yes,8.1,7,Single,3,6,Moderate
434,21,Male,Graduate,India,6.9,WhatsApp,Yes,5.4,5,In Relationship,4,8,Moderate
435,20,Female,Undergraduate,Switzerland,2.8,Instagram,No,9.0,8,Single,2,4,Low
436,22,Male,Graduate,Turkey,4.4,TikTok,Yes,7.8,6,Single,3,7,Moderate
437,19,Female,Undergraduate,USA,7.9,Instagram,Yes,4.4,5,In Relationship,4,9,Moderate
438,21,Male,Graduate,Mexico,6.7,WhatsApp,Yes,5.5,6,Single,3,7,Moderate
439,20,Female,Undergraduate,France,3.4,Instagram,No,8.6,7,In Relationship,2,5,Moderate
440,22,Male,Graduate,Canada,4.2,TikTok,Yes,8.0,6,Single,3,7,Moderate
441,19,Female,Undergraduate,Spain,4.0,Instagram,Yes,7.9,6,Single,3,7,Moderate
442,21,Male,Graduate,Denmark,2.8,Facebook,No,9.0,8,In Relationship,2,4,Low
443,20,Female,Undergraduate,Ireland,3.7,TikTok,Yes,8.2,7,Single,3,6,Moderate
444,22,Male,Graduate,India,7.0,WhatsApp,Yes,5.3,5,In Relationship,4,8,Moderate
445,19,Female,Undergraduate,Switzerland,2.7,Instagram,No,9.1,8,Single,2,4,Low
446,21,Male,Graduate,Turkey,4.3,Instagram,Yes,7.9,6,Single,3,7,Moderate
447,20,Female,Undergraduate,USA,8.0,TikTok,Yes,4.3,5,In Relationship,4,9,Moderate
448,22,Male,Graduate,Mexico,6.8,WhatsApp,Yes,5.4,6,Single,3,7,Moderate
449,19,Female,Undergraduate,France,3.3,Instagram,No,8.7,7,In Relationship,2,5,Moderate
450,21,Male,Graduate,Canada,4.1,Instagram,Yes,8.1,6,Single,3,7,Moderate
451,20,Female,Undergraduate,Spain,3.9,TikTok,Yes,8.0,6,Single,3,7,Moderate
452,22,Male,Graduate,Denmark,2.7,Facebook,No,9.1,8,In Relationship,2,4,Low
453,19,Female,Undergraduate,Ireland,3.6,Instagram,Yes,8.3,7,Single,3,6,Moderate
454,21,Male,Graduate,India,7.1,WhatsApp,Yes,5.2,5,In Relationship,4,8,Moderate
455,20,Female,Undergraduate,Switzerland,2.6,Instagram,No,9.2,8,Single,2,4,Low
456,22,Male,Graduate,Turkey,4.2,TikTok,Yes,8.0,6,Single,3,7,Moderate
457,19,Female,Undergraduate,USA,8.1,Instagram,Yes,4.2,5,In Relationship,4,9,Moderate
458,21,Male,Graduate,Mexico,6.9,WhatsApp,Yes,5.3,6,Single,3,7,Moderate
459,20,Female,Undergraduate,France,3.2,Instagram,No,8.8,7,In Relationship,2,5,Moderate
460,22,Male,Graduate,Canada,4.0,TikTok,Yes,8.2,6,Single,3,7,Moderate
461,19,Female,Undergraduate,Spain,3.8,Instagram,Yes,8.1,6,Single,3,7,Moderate
462,21,Male,Graduate,Denmark,2.6,Facebook,No,9.2,8,In Relationship,2,4,Low
463,20,Female,Undergraduate,Ireland,3.5,TikTok,Yes,8.4,7,Single,3,6,Moderate
464,22,Male,Graduate,India,7.2,WhatsApp,Yes,5.1,5,In Relationship,4,8,Moderate
465,19,Female,Undergraduate,Switzerland,2.5,Instagram,No,9.3,8,Single,2,4,Low
466,21,Male,Graduate,Turkey,4.1,Instagram,Yes,8.1,6,Single,3,7,Moderate
467,20,Female,Undergraduate,USA,8.2,TikTok,Yes,4.1,5,In Relationship,4,9,Moderate
468,22,Male,Graduate,Mexico,7.0,WhatsApp,Yes,5.2,6,Single,3,7,Moderate
469,19,Female,Undergraduate,France,3.1,Instagram,No,8.9,7,In Relationship,2,5,Moderate
470,21,Male,Graduate,Canada,3.9,Instagram,Yes,8.3,6,Single,3,7,Moderate
471,20,Female,Undergraduate,Spain,3.7,TikTok,Yes,8.2,6,Single,3,7,Moderate
472,22,Male,Graduate,Denmark,2.5,Facebook,No,9.3,8,In Relationship,2,4,Low
473,19,Female,Undergraduate,Ireland,3.4,Instagram,Yes,8.5,7,Single,3,6,Moderate
474,21,Male,Graduate,India,7.3,WhatsApp,Yes,5.0,5,In Relationship,4,8,Moderate
475,20,Female,Undergraduate,Switzerland,2.4,Instagram,No,9.4,8,Single,2,4,Low
476,22,Male,Graduate,Turkey,4.0,TikTok,Yes,8.2,6,Single,3,7,Moderate
477,19,Female,Undergraduate,USA,8.3,Instagram,Yes,4.0,5,In Relationship,4,9,Moderate
478,21,Male,Graduate,Mexico,7.1,WhatsApp,Yes,5.1,6,Single,3,7,Moderate
479,20,Female,Undergraduate,France,3.0,Instagram,No,9.0,7,In Relationship,2,5,Moderate
480,22,Male,Graduate,Canada,3.8,TikTok,Yes,8.4,6,Single,3,7,Moderate
481,19,Female,Undergraduate,Spain,3.6,Instagram,Yes,8.3,6,Single,3,7,Moderate
482,21,Male,Graduate,Denmark,2.4,Facebook,No,9.4,8,In Relationship,2,4,Low
483,20,Female,Undergraduate,Ireland,3.3,TikTok,Yes,8.6,7,Single,3,6,Moderate
484,22,Male,Graduate,India,7.4,WhatsApp,Yes,4.9,5,In Relationship,4,8,Moderate
485,19,Female,Undergraduate,Switzerland,2.3,Instagram,No,9.5,8,Single,2,4,Low
486,21,Male,Graduate,Turkey,3.9,Instagram,Yes,8.3,6,Single,3,7,Moderate
487,20,Female,Undergraduate,USA,8.4,TikTok,Yes,3.9,5,In Relationship,4,9,Moderate
488,22,Male,Graduate,Mexico,7.2,WhatsApp,Yes,5.0,6,Single,3,7,Moderate
489,19,Female,Undergraduate,France,2.9,Instagram,No,9.1,7,In Relationship,2,5,Moderate
490,21,Male,Graduate,Canada,3.7,Instagram,Yes,8.5,6,Single,3,7,Moderate
491,20,Female,Undergraduate,Spain,3.5,TikTok,Yes,8.4,6,Single,3,7,Moderate
492,22,Male,Graduate,Denmark,2.3,Facebook,No,9.5,8,In Relationship,2,4,Low
493,19,Female,Undergraduate,Ireland,3.2,Instagram,Yes,8.7,7,Single,3,6,Moderate
494,21,Male,Graduate,India,7.5,WhatsApp,Yes,4.8,5,In Relationship,4,8,Moderate
495,20,Female,Undergraduate,Switzerland,2.2,Instagram,No,9.6,8,Single,2,4,Low
496,22,Male,Graduate,Turkey,3.8,TikTok,Yes,8.4,6,Single,3,7,Moderate
497,19,Female,Undergraduate,USA,8.5,Instagram,Yes,3.8,5,In Relationship,4,9,Moderate
498,21,Male,Graduate,Mexico,7.3,WhatsApp,Yes,4.9,6,Single,3,7,Moderate
499,20,Female,Undergraduate,France,2.8,Instagram,No,9.2,7,In Relationship,2,5,Moderate
500,22,Male,Graduate,Canada,3.6,TikTok,Yes,8.6,6,Single,3,7,Moderate
501,19,Female,Undergraduate,Brazil,6.2,WhatsApp,Yes,6.3,6,Single,3,7,Moderate
502,21,Male,Graduate,China,4.5,WeChat,No,7.8,7,In Relationship,2,5,Moderate
503,20,Female,Undergraduate,Netherlands,3.8,Instagram,No,8.2,8,Single,2,4,Low
504,22,Male,Graduate,New Zealand,4.7,Instagram,Yes,7.5,7,In Relationship,3,6,Moderate
505,19,Female,Undergraduate,Singapore,5.1,TikTok,Yes,7.0,6,Single,3,7,Moderate
506,21,Male,Graduate,Malaysia,5.5,WhatsApp,Yes,6.8,6,Single,3,7,Moderate
507,20,Female,Undergraduate,UAE,6.5,Instagram,Yes,6.5,5,In Relationship,4,8,Moderate
508,22,Male,Graduate,Poland,4.2,Facebook,No,7.9,7,Single,2,5,Moderate
509,19,Female,Undergraduate,India,6.8,WhatsApp,Yes,6.0,5,In Relationship,4,8,Moderate
510,21,Male,Graduate,Canada,4.8,Instagram,Yes,7.4,7,Single,3,6,Moderate
511,20,Female,Undergraduate,Brazil,6.1,Instagram,Yes,6.4,6,Single,3,7,Moderate
512,22,Male,Graduate,China,4.4,WeChat,No,7.9,7,In Relationship,2,5,Moderate
513,19,Female,Undergraduate,Netherlands,3.7,TikTok,No,8.3,8,Single,2,4,Low
514,21,Male,Graduate,New Zealand,4.6,Instagram,Yes,7.6,7,In Relationship,3,6,Moderate
515,20,Female,Undergraduate,Singapore,5.2,TikTok,Yes,6.9,6,Single,3,7,Moderate
516,22,Male,Graduate,Malaysia,5.6,WhatsApp,Yes,6.7,6,Single,3,7,Moderate
517,19,Female,Undergraduate,UAE,6.6,Instagram,Yes,6.4,5,In Relationship,4,8,Moderate
518,21,Male,Graduate,Poland,4.1,Facebook,No,8.0,7,Single,2,5,Moderate
519,20,Female,Undergraduate,India,6.9,WhatsApp,Yes,5.9,5,In Relationship,4,8,Moderate
520,22,Male,Graduate,Canada,4.7,TikTok,Yes,7.5,7,Single,3,6,Moderate
521,19,Female,Undergraduate,Brazil,6.0,WhatsApp,Yes,6.5,6,Single,3,7,Moderate
522,21,Male,Graduate,China,4.3,WeChat,No,8.0,7,In Relationship,2,5,Moderate
523,20,Female,Undergraduate,Netherlands,3.6,Instagram,No,8.4,8,Single,2,4,Low
524,22,Male,Graduate,New Zealand,4.5,Facebook,Yes,7.7,7,In Relationship,3,6,Moderate
525,19,Female,Undergraduate,Singapore,5.3,TikTok,Yes,6.8,6,Single,3,7,Moderate
526,21,Male,Graduate,Malaysia,5.7,WhatsApp,Yes,6.6,6,Single,3,7,Moderate
527,20,Female,Undergraduate,UAE,6.7,Instagram,Yes,6.3,5,In Relationship,4,8,Moderate
528,22,Male,Graduate,Poland,4.0,Facebook,No,8.1,7,Single,2,5,Moderate
529,19,Female,Undergraduate,India,7.0,WhatsApp,Yes,5.8,5,In Relationship,4,8,Moderate
530,21,Male,Graduate,Canada,4.6,Instagram,Yes,7.6,7,Single,3,6,Moderate
531,20,Female,Undergraduate,Brazil,5.9,TikTok,Yes,6.6,6,Single,3,7,Moderate
532,22,Male,Graduate,China,4.2,WeChat,No,8.1,7,In Relationship,2,5,Moderate
533,19,Female,Undergraduate,Netherlands,3.5,Instagram,No,8.5,8,Single,2,4,Low
534,21,Male,Graduate,New Zealand,4.4,Facebook,Yes,7.8,7,In Relationship,3,6,Moderate
535,20,Female,Undergraduate,Singapore,5.4,TikTok,Yes,6.7,6,Single,3,7,Moderate
536,22,Male,Graduate,Malaysia,5.8,WhatsApp,Yes,6.5,6,Single,3,7,Moderate
537,19,Female,Undergraduate,UAE,6.8,Instagram,Yes,6.2,5,In Relationship,4,8,Moderate
538,21,Male,Graduate,Poland,3.9,Facebook,No,8.2,7,Single,2,5,Moderate
539,20,Female,Undergraduate,India,7.1,WhatsApp,Yes,5.7,5,In Relationship,4,8,Moderate
540,22,Male,Graduate,Canada,4.5,TikTok,Yes,7.7,7,Single,3,6,Moderate
541,19,Female,Undergraduate,Brazil,5.8,WhatsApp,Yes,6.7,6,Single,3,7,Moderate
542,21,Male,Graduate,China,4.1,WeChat,No,8.2,7,In Relationship,2,5,Moderate
543,20,Female,Undergraduate,Netherlands,3.4,Instagram,No,8.6,8,Single,2,4,Low
544,22,Male,Graduate,New Zealand,4.3,Instagram,Yes,7.9,7,In Relationship,3,6,Moderate
545,19,Female,Undergraduate,Singapore,5.5,TikTok,Yes,6.6,6,Single,3,7,Moderate
546,21,Male,Graduate,Malaysia,5.9,WhatsApp,Yes,6.4,6,Single,3,7,Moderate
547,20,Female,Undergraduate,UAE,6.9,Instagram,Yes,6.1,5,In Relationship,4,8,Moderate
548,22,Male,Graduate,Poland,3.8,Facebook,No,8.3,7,Single,2,5,Moderate
549,19,Female,Undergraduate,India,7.2,WhatsApp,Yes,5.6,5,In Relationship,4,8,Moderate
550,21,Male,Graduate,Canada,4.4,Instagram,Yes,7.8,7,Single,3,6,Moderate
551,20,Female,Undergraduate,Brazil,5.7,TikTok,Yes,6.8,6,Single,3,7,Moderate
552,22,Male,Graduate,China,4.0,WeChat,No,8.3,7,In Relationship,2,5,Moderate
553,19,Female,Undergraduate,Netherlands,3.3,Instagram,No,8.7,8,Single,2,4,Low
554,21,Male,Graduate,New Zealand,4.2,Facebook,Yes,8.0,7,In Relationship,3,6,Moderate
555,20,Female,Undergraduate,Singapore,5.6,TikTok,Yes,6.5,6,Single,3,7,Moderate
556,22,Male,Graduate,Malaysia,6.0,WhatsApp,Yes,6.3,6,Single,3,7,Moderate
557,19,Female,Undergraduate,UAE,7.0,Instagram,Yes,6.0,5,In Relationship,4,8,Moderate
558,21,Male,Graduate,Poland,3.7,Facebook,No,8.4,7,Single,2,5,Moderate
559,20,Female,Undergraduate,India,7.3,WhatsApp,Yes,5.5,5,In Relationship,4,8,Moderate
560,22,Male,Graduate,Canada,4.3,TikTok,Yes,7.9,7,Single,3,6,Moderate
561,19,Female,Undergraduate,Brazil,5.6,WhatsApp,Yes,6.9,6,Single,3,7,Moderate
562,21,Male,Graduate,China,3.9,WeChat,No,8.4,7,In Relationship,2,5,Moderate
563,20,Female,Undergraduate,Netherlands,3.2,Instagram,No,8.8,8,Single,2,4,Low
564,22,Male,Graduate,New Zealand,4.1,Instagram,Yes,8.1,7,In Relationship,3,6,Moderate
565,19,Female,Undergraduate,Singapore,5.7,TikTok,Yes,6.4,6,Single,3,7,Moderate
566,21,Male,Graduate,Malaysia,6.1,WhatsApp,Yes,6.2,6,Single,3,7,Moderate
567,20,Female,Undergraduate,UAE,7.1,Instagram,Yes,5.9,5,In Relationship,4,8,Moderate
568,22,Male,Graduate,Poland,3.6,Facebook,No,8.5,7,Single,2,5,Moderate
569,19,Female,Undergraduate,India,7.4,WhatsApp,Yes,5.4,5,In Relationship,4,8,Moderate
570,21,Male,Graduate,Canada,4.2,Instagram,Yes,8.0,7,Single,3,6,Moderate
571,20,Female,Undergraduate,Spain,6.1,Instagram,Yes,7.2,5,Single,4,7,Moderate
572,23,Male,Graduate,Denmark,3.8,Twitter,No,7.8,8,In Relationship,2,4,Low
573,19,Female,Undergraduate,Ireland,5.5,TikTok,Yes,6.8,6,Single,4,8,Moderate
574,22,Male,Graduate,India,7.2,Facebook,Yes,5.9,4,Single,5,9,High
575,21,Female,Undergraduate,Switzerland,4.2,Instagram,No,7.5,7,In Relationship,2,5,Moderate
576,24,Male,Graduate,Turkey,6.8,TikTok,Yes,6.2,5,Single,4,8,Moderate
577,20,Female,Undergraduate,USA,5.9,Instagram,Yes,6.7,6,In Relationship,3,7,Moderate
578,22,Male,Graduate,Mexico,6.5,Facebook,Yes,6.1,5,Single,4,8,Moderate
579,19,Female,Undergraduate,France,4.7,Twitter,No,7.4,7,Single,2,5,Moderate
580,23,Male,Graduate,Canada,5.2,Instagram,Yes,7.0,6,In Relationship,3,6,Moderate
581,21,Female,Undergraduate,UK,6.3,TikTok,Yes,6.4,5,Single,4,8,Moderate
582,24,Male,Graduate,Italy,4.9,Facebook,No,7.3,7,In Relationship,2,5,Moderate
583,20,Female,Undergraduate,Russia,6.7,Instagram,Yes,6.0,5,Single,4,8,Moderate
584,22,Male,Graduate,China,5.8,WeChat,Yes,6.5,6,In Relationship,3,7,Moderate
585,19,Female,Undergraduate,Japan,4.5,Twitter,No,7.6,8,Single,2,4,Low
586,23,Male,Graduate,Poland,6.4,Facebook,Yes,6.3,5,Single,4,8,Moderate
587,21,Female,Undergraduate,Finland,4.1,Instagram,No,7.7,7,In Relationship,2,5,Moderate
588,24,Male,Graduate,Spain,6.6,TikTok,Yes,6.2,5,Single,4,8,Moderate
589,20,Female,Undergraduate,Denmark,4.4,Instagram,No,7.4,7,In Relationship,2,5,Moderate
590,22,Male,Graduate,Ireland,5.7,Twitter,Yes,6.8,6,Single,3,7,Moderate
591,19,Female,Undergraduate,India,7.0,Instagram,Yes,5.8,4,Single,5,9,High
592,23,Male,Graduate,Switzerland,4.3,Facebook,No,7.5,7,In Relationship,2,5,Moderate
593,21,Female,Undergraduate,Turkey,6.9,TikTok,Yes,6.1,5,Single,4,8,Moderate
594,24,Male,Graduate,USA,5.6,Instagram,Yes,6.9,6,In Relationship,3,7,Moderate
595,20,Female,Undergraduate,Mexico,6.2,Facebook,Yes,6.3,5,Single,4,8,Moderate
596,21,Male,Undergraduate,France,5.8,Instagram,Yes,6.7,6,Single,3,7,Moderate
597,23,Female,Graduate,Canada,4.9,TikTok,No,7.3,7,In Relationship,2,5,Moderate
598,20,Male,Undergraduate,UK,6.4,Facebook,Yes,6.2,5,Single,4,8,Moderate
599,22,Female,Graduate,Italy,5.1,Twitter,No,7.1,7,In Relationship,2,5,Moderate
600,19,Male,Undergraduate,Russia,6.7,Instagram,Yes,6.0,4,Single,4,8,High
601,24,Female,Graduate,China,5.5,WeChat,Yes,6.8,6,In Relationship,3,7,Moderate
602,21,Male,Undergraduate,Japan,4.3,Twitter,No,7.6,8,Single,2,4,Low
603,23,Female,Graduate,Poland,6.2,Instagram,Yes,6.4,5,Single,4,8,Moderate
604,20,Male,Undergraduate,Finland,4.5,Facebook,No,7.4,7,In Relationship,2,5,Moderate
605,22,Female,Graduate,Spain,6.3,TikTok,Yes,6.3,5,Single,4,8,Moderate
606,19,Male,Undergraduate,Denmark,4.7,Instagram,No,7.2,7,In Relationship,2,5,Moderate
607,24,Female,Graduate,Ireland,5.9,Twitter,Yes,6.6,6,Single,3,7,Moderate
608,21,Male,Undergraduate,India,7.1,Facebook,Yes,5.7,4,Single,5,9,High
609,23,Female,Graduate,Switzerland,4.4,Instagram,No,7.4,7,In Relationship,2,5,Moderate
610,20,Male,Undergraduate,Turkey,6.6,TikTok,Yes,6.2,5,Single,4,8,Moderate
611,22,Female,Graduate,USA,5.4,Instagram,Yes,6.9,6,In Relationship,3,7,Moderate
612,19,Male,Undergraduate,Mexico,6.5,Facebook,Yes,6.1,5,Single,4,8,Moderate
613,24,Female,Graduate,France,4.8,Twitter,No,7.3,7,In Relationship,2,5,Moderate
614,21,Male,Undergraduate,Canada,5.7,Instagram,Yes,6.7,6,Single,3,7,Moderate
615,23,Female,Graduate,UK,6.1,TikTok,Yes,6.4,5,Single,4,8,Moderate
616,20,Male,Undergraduate,Italy,4.6,Facebook,No,7.2,7,In Relationship,2,5,Moderate
617,22,Female,Graduate,Russia,6.8,Instagram,Yes,5.9,4,Single,5,9,High
618,19,Male,Undergraduate,China,5.6,WeChat,Yes,6.8,6,In Relationship,3,7,Moderate
619,24,Female,Graduate,Japan,4.2,Twitter,No,7.5,8,Single,2,4,Low
620,21,Male,Undergraduate,Poland,6.3,TikTok,Yes,6.3,5,Single,4,8,Moderate
621,23,Female,Graduate,Finland,4.4,Instagram,No,7.4,7,In Relationship,2,5,Moderate
622,20,Male,Undergraduate,Spain,6.5,Facebook,Yes,6.2,5,Single,4,8,Moderate
623,22,Female,Graduate,Denmark,4.6,Twitter,No,7.3,7,In Relationship,2,5,Moderate
624,19,Male,Undergraduate,Ireland,5.8,Instagram,Yes,6.6,6,Single,3,7,Moderate
625,24,Female,Graduate,India,7.0,TikTok,Yes,5.8,4,Single,5,9,High
626,21,Male,Undergraduate,Switzerland,4.5,Facebook,No,7.3,7,In Relationship,2,5,Moderate
627,23,Female,Graduate,Turkey,6.7,Instagram,Yes,6.1,5,Single,4,8,Moderate
628,20,Male,Undergraduate,USA,5.5,Twitter,Yes,6.8,6,In Relationship,3,7,Moderate
629,22,Female,Graduate,Mexico,6.4,Facebook,Yes,6.2,5,Single,4,8,Moderate
630,19,Male,Undergraduate,France,4.7,Instagram,No,7.2,7,In Relationship,2,5,Moderate
631,24,Female,Graduate,Canada,5.6,TikTok,Yes,6.7,6,Single,3,7,Moderate
632,21,Male,Undergraduate,UK,6.2,Facebook,Yes,6.3,5,Single,4,8,Moderate
633,23,Female,Graduate,Italy,4.8,Twitter,No,7.1,7,In Relationship,2,5,Moderate
634,20,Male,Undergraduate,Russia,6.9,Instagram,Yes,5.9,4,Single,5,9,High
635,22,Female,Graduate,China,5.7,WeChat,Yes,6.7,6,In Relationship,3,7,Moderate
636,19,Male,Undergraduate,Japan,4.4,Twitter,No,7.4,8,Single,2,4,Low
637,24,Female,Graduate,Poland,6.1,TikTok,Yes,6.4,5,Single,4,8,Moderate
638,21,Male,Undergraduate,Finland,4.3,Instagram,No,7.5,7,In Relationship,2,5,Moderate
639,23,Female,Graduate,Spain,6.4,Facebook,Yes,6.2,5,Single,4,8,Moderate
640,20,Male,Undergraduate,Denmark,4.5,Twitter,No,7.3,7,In Relationship,2,5,Moderate
641,22,Female,Graduate,Ireland,5.9,Instagram,Yes,6.5,6,Single,3,7,Moderate
642,19,Male,Undergraduate,India,7.2,TikTok,Yes,5.7,4,Single,5,9,High
643,24,Female,Graduate,Switzerland,4.6,Facebook,No,7.2,7,In Relationship,2,5,Moderate
644,21,Male,Undergraduate,Turkey,6.8,Instagram,Yes,6.0,5,Single,4,8,Moderate
645,23,Female,Graduate,USA,5.3,Twitter,Yes,6.8,6,In Relationship,3,7,Moderate
646,22,Male,Graduate,Mexico,6.3,Facebook,Yes,6.2,5,Single,4,8,Moderate
647,20,Female,Undergraduate,France,4.8,Instagram,No,7.1,7,In Relationship,2,5,Moderate
648,23,Male,Graduate,Canada,5.7,TikTok,Yes,6.6,6,Single,3,7,Moderate
649,21,Female,Undergraduate,UK,6.2,Twitter,Yes,6.3,5,Single,4,8,Moderate
650,24,Male,Graduate,Italy,4.7,Facebook,No,7.2,7,In Relationship,2,5,Moderate
651,19,Female,Undergraduate,Russia,6.8,Instagram,Yes,5.9,4,Single,5,9,High
652,22,Male,Graduate,China,5.6,WeChat,Yes,6.7,6,In Relationship,3,7,Moderate
653,20,Female,Undergraduate,Japan,4.3,Twitter,No,7.5,8,Single,2,4,Low
654,23,Male,Graduate,Poland,6.2,TikTok,Yes,6.3,5,Single,4,8,Moderate
655,21,Female,Undergraduate,Finland,4.4,Instagram,No,7.4,7,In Relationship,2,5,Moderate
656,24,Male,Graduate,Spain,6.5,Facebook,Yes,6.1,5,Single,4,8,Moderate
657,19,Female,Undergraduate,Denmark,4.6,Twitter,No,7.3,7,In Relationship,2,5,Moderate
658,22,Male,Graduate,Ireland,5.8,Instagram,Yes,6.6,6,Single,3,7,Moderate
659,20,Female,Undergraduate,India,7.1,TikTok,Yes,5.8,4,Single,5,9,High
660,23,Male,Graduate,Switzerland,4.5,Facebook,No,7.3,7,In Relationship,2,5,Moderate
661,21,Female,Undergraduate,Turkey,6.7,Instagram,Yes,6.0,5,Single,4,8,Moderate
662,24,Male,Graduate,USA,5.4,Twitter,Yes,6.8,6,In Relationship,3,7,Moderate
663,19,Female,Undergraduate,Mexico,6.4,TikTok,Yes,6.2,5,Single,4,8,Moderate
664,22,Male,Graduate,France,4.7,Facebook,No,7.2,7,In Relationship,2,5,Moderate
665,20,Female,Undergraduate,Canada,5.6,Instagram,Yes,6.7,6,Single,3,7,Moderate
666,23,Male,Graduate,UK,6.3,Twitter,Yes,6.2,5,Single,4,8,Moderate
667,21,Female,Undergraduate,Italy,4.8,TikTok,No,7.1,7,In Relationship,2,5,Moderate
668,24,Male,Graduate,Russia,6.9,Instagram,Yes,5.9,4,Single,5,9,High
669,19,Female,Undergraduate,China,5.7,WeChat,Yes,6.7,6,In Relationship,3,7,Moderate
670,22,Male,Graduate,Japan,4.4,Twitter,No,7.4,8,Single,2,4,Low
671,20,Female,Undergraduate,Poland,6.1,Facebook,Yes,6.4,5,Single,4,8,Moderate
672,23,Male,Graduate,Finland,4.3,Instagram,No,7.5,7,In Relationship,2,5,Moderate
673,21,Female,Undergraduate,Spain,6.4,TikTok,Yes,6.2,5,Single,4,8,Moderate
674,24,Male,Graduate,Denmark,4.5,Twitter,No,7.3,7,In Relationship,2,5,Moderate
675,19,Female,Undergraduate,Ireland,5.9,Instagram,Yes,6.5,6,Single,3,7,Moderate
676,22,Male,Graduate,India,7.2,Facebook,Yes,5.7,4,Single,5,9,High
677,20,Female,Undergraduate,Switzerland,4.6,TikTok,No,7.2,7,In Relationship,2,5,Moderate
678,23,Male,Graduate,Turkey,6.8,Instagram,Yes,6.0,5,Single,4,8,Moderate
679,21,Female,Undergraduate,USA,5.3,Twitter,Yes,6.8,6,In Relationship,3,7,Moderate
680,24,Male,Graduate,Mexico,6.2,Facebook,Yes,6.3,5,Single,4,8,Moderate
681,19,Female,Undergraduate,France,4.7,Instagram,No,7.2,7,In Relationship,2,5,Moderate
682,22,Male,Graduate,Canada,5.8,TikTok,Yes,6.6,6,Single,3,7,Moderate
683,20,Female,Undergraduate,UK,6.1,Twitter,Yes,6.4,5,Single,4,8,Moderate
684,23,Male,Graduate,Italy,4.8,Facebook,No,7.1,7,In Relationship,2,5,Moderate
685,21,Female,Undergraduate,Russia,6.7,Instagram,Yes,6.0,4,Single,5,9,High
686,24,Male,Graduate,China,5.5,WeChat,Yes,6.8,6,In Relationship,3,7,Moderate
687,19,Female,Undergraduate,Japan,4.2,Twitter,No,7.5,8,Single,2,4,Low
688,22,Male,Graduate,Poland,6.3,TikTok,Yes,6.2,5,Single,4,8,Moderate
689,20,Female,Undergraduate,Finland,4.4,Instagram,No,7.4,7,In Relationship,2,5,Moderate
690,23,Male,Graduate,Spain,6.5,Facebook,Yes,6.1,5,Single,4,8,Moderate
691,21,Female,Undergraduate,Denmark,4.6,Twitter,No,7.3,7,In Relationship,2,5,Moderate
692,24,Male,Graduate,Ireland,5.9,Instagram,Yes,6.5,6,Single,3,7,Moderate
693,19,Female,Undergraduate,India,7.0,TikTok,Yes,5.8,4,Single,5,9,High
694,22,Male,Graduate,Switzerland,4.5,Facebook,No,7.3,7,In Relationship,2,5,Moderate
695,20,Female,Undergraduate,Turkey,6.6,Instagram,Yes,6.1,5,Single,4,8,Moderate
696,23,Male,Graduate,USA,5.5,Twitter,Yes,6.7,6,In Relationship,3,7,Moderate
697,21,Female,Undergraduate,Mexico,6.3,TikTok,Yes,6.2,5,Single,4,8,Moderate
698,24,Male,Graduate,France,4.8,Facebook,No,7.1,7,In Relationship,2,5,Moderate
699,19,Female,Undergraduate,Canada,5.7,Instagram,Yes,6.6,6,Single,3,7,Moderate
700,22,Male,Graduate,UK,6.2,Twitter,Yes,6.3,5,Single,4,8,Moderate
701,20,Female,Undergraduate,Italy,4.7,TikTok,No,7.2,7,In Relationship,2,5,Moderate
702,23,Male,Graduate,Russia,6.8,Instagram,Yes,5.9,4,Single,5,9,High
703,21,Female,Undergraduate,China,5.6,WeChat,Yes,6.7,6,In Relationship,3,7,Moderate
704,24,Male,Graduate,Japan,4.3,Twitter,No,7.5,8,Single,2,4,Low
705,19,Female,Undergraduate,Poland,6.2,Facebook,Yes,6.3,5,Single,4,8,Moderate
